strategy,id,lo,hi
baseline,6.110698767402197,5.766757768416461,6.484737071401998
tsce_t1,6.1053328022106275,5.788189835810776,6.410751224354553
