strategy,id,lo,hi
baseline,6.264612234838631,5.232164174021342,7.04192231070604
tsce_t1,6.165915276215635,5.424752081850502,6.6734103821423245
