strategy,id,lo,hi
baseline,6.372938798482013,5.356172190660403,7.099879668629093
tsce_t1,6.2714005475455625,5.368927305094843,6.686173683796205
